formatName,Type,use,schema:encodingFormat,,mediaType,extension,source,AltIdentifierString,Notes,ECRRID-Original,formatId-DataOne,formatType,ECRR Format registry id
Apache Accumulo,DATA,,,TRUE,,,ECRR,,,,,DATA,
Apache Avro,DATA,,,TRUE,,,ECRR,,,,,DATA,
Apache Parquet file,DATA,application/octet-stream;type=Parquet,application/octet-stream;type=Parquet,TRUE,application/octet-stream,,ECRR,,,application/octet-stream;type=Parquet,,DATA,
application/seismic-segy,DATA,application/octet-stream;type=seismic-segy,application/octet-stream;type=seismic-segy,TRUE,application/octet-stream,application/octet-stream;type=seismic-segy,DATA,,,,,,
ATOM-1.0,DATA,http://www.w3.org/2005/Atom,http://www.w3.org/2005/Atom,TRUE,application/atom+xml,atom,DataOne,,,,http://www.w3.org/2005/Atom,DATA,
ATSR,DATA,application/octet-stream;type=AATSR-Sentinel-3,application/octet-stream;type=AATSR-Sentinel-3,TRUE,application/octet-stream,,ECRR,,,application/octet-stream;type=AATSR-Sentinel-3,,DATA,
Automatic Weather Station (AWS) XML,DATA,application/xml;type=aws,,FALSE,application/xml,,ECRR,,,,,DATA,
BagIt File Packaging Format Version 0.97,Wrapper,application/zip;type=bagit-097,application/bagit-097,FALSE,application/zip,zip,DataOne,,,,application/bagit-097,DATA,
Bagit package,Wrapper,application/zip;type=bagit,application/zip;type=bagit,TRUE,application/zip,zip,ECRR,,,application/zip;type=bagit,,Wrapper,
BEAM-DIMAP,DATA,,,TRUE,,,ECRR,,,,,DATA,
"Binary data, generic octet stream",DATA,application/octet-stream,application/octet-stream,TRUE,application/octet-stream,data,DataOne; IANA,,"iana registered. The ""octet-stream"" subtype is used to indicate that a body contains arbitrary binary data.",application/octet-stream,application/octet-stream,DATA,
Bitmap Image File,DATA,image/bmp,image/bmp,TRUE,image/bmp,bmp,DataOne; IANA,,,image/bmp,image/bmp,DATA,
Bluesky data model document format,DATA,application/json;type=BlueSky1.17,application/json;type=BlueSky1.17,TRUE,application/json,,ECRR,,bluesky data model,application/json;type=BlueSky1.17,,,
Bourne shell script,Code,application/x-shellscript,application/x-sh,FALSE,application/x-sh,sh,DataOne,application/x-sh,Unix shell script. Informal media type,,application/x-sh,code,
Bzip2 Compressed File,Wrapper,application/x-bzip2,application/x-bzip2,TRUE,application/x-bzip2,zip,DataOne;https://en.wikipedia.org/wiki/Bzip2,,,,application/x-bzip2,Wrapper,
CESM Large Ensemble,DATA,,,TRUE,,,ECRR,,,,,DATA,
CfRadial-1,DATA,,,TRUE,,,https://www.eol.ucar.edu/content/standard-data-formats,,"https://www.eol.ucar.edu/system/files/CfRadialDoc.v1.4.20160801.pdf      NCAR/EOL/UNIDATA, weather radar data",,,,
CfRadial-2,DATA,,,TRUE,,,https://www.eol.ucar.edu/content/standard-data-formats,,https://www.eol.ucar.edu/system/files/CfRadialDoc-v2.0-20180430.pdf    NCAR/EOL/UNIDATA. Weather radar data,,,,
Chinese FY-2 satellite image data format,DATA,application/octet-stream;type=AWX,application/octet-stream;type=AWX,TRUE,application/octet-stream,,ECRR,,"FYSAT: Chinese FY-2 satellite image data in AWX format, http://satellite.cma.gov.cn/",application/octet-stream;type=AWX,,DATA,
CINRAD Level II data foramt,DATA,application/octet-stream;type=CINRAD,application/octet-stream;type=CINRAD,TRUE,application/octet-stream,,,,"CINRAD: Chinese Level-II Base Data, http://www.cinrad.com/",application/octet-stream;type=CINRAD,,DATA,
CMIP,DATA,,,TRUE,,,ECRR,,,,,DATA,
"CodeMeta, version 1.0",DATA,application/ld+json;type=codemeta1.0,https://doi.org/10.5063/schema/codemeta-1.0,FALSE,application/ld+json,json,DataOne,https://doi.org/10.5063/schema/codemeta-1.0,,,https://doi.org/10.5063/schema/codemeta-1.0,DATA,
"CodeMeta, version 2.0",DATA,application/ld+json;type=codemeta2.0,https://doi.org/10.5063/schema/codemeta-2.0,FALSE,application/ld+json,json,DataOne,https://doi.org/10.5063/schema/codemeta-2.0,,,https://doi.org/10.5063/schema/codemeta-2.0,DATA,
Comma Separated Values Text,DATA,text/csv,text/csv,TRUE,text/csv,csv,DataOne; IANA,,iana registered,text/csv,text/csv,DATA,
comprehensive air quality model file format,DATA,application/octet-stream;type=UAMIV-CAMx,application/octet-stream;type=UAMIV-CAMx,TRUE,application/octet-stream,,ECRR,CAMx UAM-IV,"UAMIV: CAMx UAM-IV formatted files, http://www.camx.com/",application/octet-stream;type=UAMIV-CAMx,,DATA,
Corelyzer archive file,Wrapper,application/zip;type=corelyzerarchive,application/zip;type=corelyzerarchive,TRUE,application/zip,zip,ECRR,https://opencoredata.org/voc/csdco/v1/Car,,application/zip;type=corelyzerarchive,,Wrapper,
Coverage JSON,DATA,application/json;type=prs.coverage,application/prs.coverage+json,FALSE,application/json,,http://www.opengis.net/spec/ogcapi-edr-1/1.0,,resources that include coverage content encoded according to CoverageJSON,,,,
csv sparql result format,DATA,text/csv;type=sparql-results,text/csv;type=sparql-results,TRUE,text/csv,csv,ECRR,,,text/csv;type=sparql-results,,DATA,
csv USPLN format,DATA,text/csv;type=USPLN,text/csv;type=USPLN,TRUE,text/csv,csv,ECRR,,,text/csv;type=USPLN,,DATA,
csv w3c default format,DATA,text/csv;type=w3cdefault,text/csv;type=w3cdefault,TRUE,text/csv,csv,ECRR,,,text/csv;type=w3cdefault,,DATA,http://n2t.net/ark:/23942/g2705053
DMSP data format,DATA,application/octet-stream;type=DMSP,application/octet-stream;type=DMSP,TRUE,application/octet-stream,,ECRR,,"DMSP: Defense Meteorological Satellite Program, http://dmsp.ngdc.noaa.gov/",application/octet-stream;type=DMSP,,DATA,
Doppler rader data exchange format,DATA,application/octet-stream;type=DORADEv1,application/octet-stream;type=DORADEv1,TRUE,application/octet-stream,,ECRR,,"DORADE: DOppler RAdar Data Exchange Format, http://www.eol.ucar.edu/rsf/UserGuides/SABL/DoradeFormat/DoradeFormat.html    Lee, W., C. Walther, and R. Oye, 1994: Doppler RAdar Data Exchange Format DORADE, TN-403+IA, 22 p. https://www.eol.ucar.edu/system/files/files/field_project/EMEX/DoradeDoc.pdf",application/octet-stream;type=DORADEv1,,DATA,
ENVISAT,DATA,,,TRUE,,,ECRR,,,,,DATA,
ERDDAP Griddap format,DATA,,,TRUE,,,ECRR,EDDGrid,,,,DATA,
ERS1/2,DATA,,,TRUE,,,ECRR,,,,,DATA,
ESRI ArcInfo ASCII Grid,DATA,text/plain; type=esri-asciigrid,text/plain; type=esri-asciigrid,TRUE,text/plain,,ECRR,application/vnd.esri-asciigrid,not registered,text/plain; type=esri-asciigrid,,DATA,
ESRI File Geodatabase (zipped),DATA,application/zip;type=vnd.gdb,application/zip;type=ESRI-gdb,FALSE,application/zip,zip,DataOne,,,,application/vnd.gdb+zip,DATA,
ESRI Shapefile,DATA,multipart/related;type=shapefile,multipart/related;type=shapefile,TRUE,multipart/related,,ECRR,application/vnd.esri-shapefile,"not registered; This must be a package, includes shp,  dbf at minimum; since it is a composite package, the multipart/related Mime type seems most applicable. not registered",multipart/related;type=shapefile,,,
ESRI Shapefile (zipped),DATA,application/zip;type=vnd.shp,application/zip;type=shp,FALSE,application/zip,zip,DataOne,,,,application/vnd.shp+zip,DATA,
Extensible Markup Language,DATA,application/xml,text/xml,FALSE,application/xml,xml,DataOne,,,,text/xml,DATA,
Extensible Markup Language Application,DATA,application/xml,application/xml,TRUE,application/xml,xml,DataOne; IANA;http://www.opengis.net/spec/ogcapi-edr-1/1.0,,iana registered,application/xml,application/xml,DATA,
FASTA sequence file,DATA,text/plain;type=fasta,text/plain;type=fasta,TRUE,text/plain,fasta,"ECRR, DataOne",,,text/plain;type=fasta,application/x-fasta,DATA,
fastq,DATA,text/plain;type=fastq,text/plain;type=fastq,TRUE,text/plain,,ECRR,,,text/plain;type=fastq,,DATA,
FITS_array,DATA,,,TRUE,,,ECRR,,,,,DATA,
FITS_table,DATA,,,TRUE,,,ECRR,,,,,DATA,
Frictionless Data - CSV dialect descriptor format,MetaData,text/plain;type=frictionlessdata-data-csv-dialect-descriptor,frictionlessdata-data-csv-dialect-descriptor,FALSE,text/plain,,ECRR,,,frictionlessdata-data-csv-dialect-descriptor,,MetaData,
Frictionless Data - Data Package,Wrapper,application/zip;type=frictionless-datapackage,application/zip;type=frictionless-datapackage,TRUE,application/zip,zip,ECRR,,zip archive with data package descriptor and data files; analogous to bagit package,application/zip;type=frictionless-datapackage,,Wrapper,
Frictionless Data - Data Package Descriptor Format,DATA,application/json;type=frictionlessdata-data-package-descriptor,application/json;type=frictionlessdata-data-package-descriptor,TRUE,application/json,,ECRR,application/vnd.datapackage+json,"metadata for describing data package, links to data in the metadata, or data is inline in the metadata",application/json;type=frictionlessdata-data-package-descriptor,,,
GEMPAK gridded data format,DATA,application/octet-stream;type=GEMPAK-grid,application/octet-stream;type=GEMPAK-grid,TRUE,application/octet-stream,,ECRR,,"GempakGrid: GEMPAK Gridded Data, http://www.unidata.ucar.edu/software/gempak/",application/octet-stream;type=GEMPAK-grid,,DATA,
GEMPAK surface observation data format,DATA,application/octet-stream;type=GEMPAK-surfaceobs,application/octet-stream;type=GEMPAK-surfaceobs,TRUE,application/octet-stream,,ECRR,,"GempakSurface: GEMPAK Surface Obs Data, http://www.unidata.ucar.edu/software/gempak/",application/octet-stream;type=GEMPAK-surfaceobs,,DATA,
GeoChron system U-Pb XML Format,DATa,application/xml;type=https://github.com/EARTHTIME/Schema,application/xml;type=https://github.com/EARTHTIME/Schema,TRUE,application/xml,,ECRR,https://raw.githubusercontent.com/EARTHTIME/Schema,"schema are in github repo, namespace URI does not resolve to anything ",https://raw.githubusercontent.com/EARTHTIME/Schema,,,
GeoCSV GeoWS data,DATA,text/csv;type=GeoCSV-GeoWS,text/csv;type=GeoCSV-GeoWS,TRUE,text/csv,csv,ECRR,,,text/csv;type=GeoCSV-GeoWS,,DATA,
GeoCSV seismic data,DATA,text/csv;type=GeoCSV-seismic,text/csv;type=GeoCSV-seismic,TRUE,text/csv,csv,ECRR,,,text/csv;type=GeoCSV-seismic,,DATA,
GeoJSON,DATA,application/geo+json,application/geo+json,TRUE,application/geo+json,json,DataOne; ECRR; http://www.opengis.net/spec/ogcapi-edr-1/1.0,,OGC feature collections and features,application/geo+json,application/geo+json,DATA,
GeoPackage Encoding Standard (OGC) Format Family,DATA,application/geopackage+sqlite3,application/geopackage+sqlite3,TRUE,application/geopackage+sqlite3,gpkg,DataOne,,there should be types defined that specify the information content of the sqllite db,,application/geopackage+sqlite3,DATA,
GeoTIFF (zipped),Wrapper,application/zip;type=geotiff,image/geotiff+zip,FALSE,application/zip,zip,DataOne,,,,image/geotiff+zip,Wrapper,
GeoTIFF format,DATA,image/tiff;type=GeoTIFF,image/tiff;type=GeoTIFF,TRUE,image/tiff,tiff,"ECRR, DataOne",image/geotiff;  image/geo+tiff,not registered,image/tiff;type=GeoTIFF,image/geotiff,DATA,
GETASSE tile data format,DATA,application/octet-stream;type=GETASSE30,application/octet-stream;type=GETASSE30,TRUE,application/octet-stream,,ECRR,,GETASSE30 Tile,application/octet-stream;type=GETASSE30,,DATA,
GINIA data format,DATA,application/octet-stream;type=GINI,application/octet-stream;type=GINI,TRUE,application/octet-stream,,ECRR,,"GINI: GOES Ingest and NOAAPORT Interface, http://weather.unisys.com/wxp/Appendices/Formats/GINI.html",application/octet-stream;type=GINI,,DATA,
GML 3.2,DATA,application/gml+xml;version=3.2 ,application/gml+xml;version=3.2 ,TRUE,application/gml+xml,,http://www.opengis.net/spec/ogcapi-edr-1/1.0,,any Geography Markup Language (GML) 3.2 feature collections and features,,,,
GML 3.2 sf0,DATA,application/gml+xml;type=http://www.opengis.net/def/profile/ogc/2.0/gml-sf0 ,application/gml+xml;version=3.2;profile=http://www.opengis.net/def/profile/ogc/2.0/gml-sf0 ,FALSE,application/gml+xml,,http://www.opengis.net/spec/ogcapi-edr-1/1.0,,GML 3.2 feature collections and features conforming to the GML Simple Feature Level 0 profile,,,,
GML 3.2 sf2,DATA,application/gml+xml;type=http://www.opengis.net/def/profile/ogc/2.0/gml-sf2,application/gml+xml;version=3.2;profile=http://www.opengis.net/def/profile/ogc/2.0/gml-sf2,FALSE,application/gml+xml,,http://www.opengis.net/spec/ogcapi-edr-1/1.0,,GML 3.2 feature collections and features conforming to the GML Simple Feature Level 2 profile,,,,
Google Earth Keyhole Markup Language (KML),DATA,application/vnd.google-earth.kml+xml,application/vnd.google-earth.kml+xml,TRUE,application/xml,kml,DataOne; IANA,,,application/vnd.google-earth.kml+xml,application/vnd.google-earth.kml+xml,DATA,
Google Earth Keyhole Markup Language (KML) Compressed archive,DATA,application/vnd.google-earth.kmz,application/vnd.google-earth.kmz,TRUE,application/zip,kmz,DataOne,,,,application/vnd.google-earth.kmz,DATA,
Graphics Interchange Format,DATA,image/gif,image/gif,TRUE,image/gif,gif,DataOne; IANA,,,image/gif,image/gif,DATA,
GSE2,DATA,,,TRUE,,,ECRR,,,,,DATA,
GTOPO30 DEM data foramt,DATA,application/octet-stream;type=GTOPO30,application/octet-stream;type=GTOPO30,TRUE,application/octet-stream,,ECRR,GTOPO;  USGS GTOPO," digital elevation model, http://edc.usgs.gov/products/elevation/gtopo30/gtopo30.html",application/octet-stream;type=GTOPO30,,DATA,
GZIP Format,Wrapper,application/gzip,application/x-gzip,FALSE,application/x-gzip,gz,DataOne; https://datatracker.ietf.org/doc/html/rfc6713,application/x-gzip,,,application/x-gzip,Wrapper,
HDF-EOS,DATA,application/x-hdf;type=hdf-eos,application/x-hdf;type=hdf-eos,TRUE,application/x-hdf,,ECRR,,this is an HDF profile,application/x-hdf;type=hdf-eos,,,
Hierarchical Data Format version 4 (HDF4),DATA,application/x-hdf,application/x-hdf,TRUE,application/x-hdf,h4,DataOne; ECRR,HDF ; HDF4,"HDF4: Hierarchical Data Format, version 4, http://www.hdfgroup.org/products/hdf4/",,application/x-hdf,DATA,
Hierarchical Data Format version 5 (HDF5),DATA,application/x-hdf5,application/x-hdf5,TRUE,application/x-hdf5,h5,DataOne; ECRR,HDF5,"HDF5: Hierarchical Data Format, version 5, http://www.hdfgroup.org/HDF5/",application/x-hdf5,application/x-hdf5,DATA,
Hypertext Markup Language,DATA,text/html,text/html,TRUE,text/html,html,DataOne,,,,text/html,DATA,
IASPEI Seismic Format (ISF),DATA,application/octet-stream;type=IASPEI-seismic,application/octet-stream;type=IASPEI-seismic,TRUE,application/octet-stream,,ECRR,,,application/octet-stream;type=IASPEI-seismic,,DATA,
Image JPEG,DATA,image/jpeg,image/jpeg,TRUE,image/jpeg,jpg,DataOne; IANA,,,image/jpeg,image/jpeg,DATA,
JavaScript Object Notation (JSON) file,DATA,application/json,application/json,TRUE,application/json,json,DataOne; http://www.opengis.net/spec/ogcapi-edr-1/1.0,,"OGC--resource representations, as well as coverage content encoded according to the Coverage Implementation Schema (CIS).",,application/json,DATA,
JavaScript Object Notation (JSON) Lines CSV file format,DATA,text/plain;type=JSONlines,text/plain;type=JSONlines,TRUE,text/plain,,ECRR,,,text/plain;type=JSONlines,,DATA,http://n2t.net/ark:/23942/g2705064
JavaScript Object Notation (JSON) Linked Data file,DATA,application/json-ld,application/json-ld,TRUE,application/ld+json,json,DataOne; ECRR,,,application/ld+json,application/json-ld,DATA,
JavaScript Object Notation (JSON) sparql result format,DATA,application/json;type=sparql-results,application/sparql-results+json,FALSE,application/json,,ECRR,,,application/sparql-results+json,,DATA,
JPEG 2000,DATA,image/jp2,image/jp2,TRUE,image/jp2,jpg,DataOne; IANA,,,,image/jp2,DATA,
Jupyter Notebook,Code,application/x-ipynb+json,application/x-ipynb+json,TRUE,application/x-ipynb+json,ipynb,DataOne,,informal mime type; ,,application/x-ipynb+json,Code,
"Kernel Metadata and Electronic Resource Citations (ERCs), 2010.05.13",MetaData,text/plain;type=anvl/erc-v02,anvl/erc-v02,FALSE,text/anvl,anvl,DataOne,,,,anvl/erc-v02,MetaData,
LANDSAT 5 TM,DATA,application/octet-stream;type=landsat5,,FALSE,application/octet-stream,,ECRR,,,,,DATA,
Linked Earth Data Package (LiPD),Wrapper,application/zip;type=LiPD,application/zip;type=LiPD,TRUE,application/zip,zip,ECRR,http://linked.earth/ontology/core/1.2.0/index-en.html#Dataset,http://wiki.linked.earth/Linked_Paleo_Data#Structuring_data_:_the_LiPD_Way,application/zip;type=LiPD,,Wrapper,
MagIC data download format,DATA,text/plain;type=magic-tsv,text/plain;type=magic-tsv,TRUE,text/plain,,ECRR,MagIC-tsv-Multipart,,text/plain;type=magic-tsv,,DATA,
Markdown file,DATA,text/markdown,text/markdown,TRUE,text/markdown,md,DataOne; https://datatracker.ietf.org/doc/html/rfc7763,,,,text/markdown,DATA,
Mathematica Notebook,Code,application/mathematica,application/mathematica,TRUE,text/plain,nb,DataOne; https://www.iana.org/assignments/media-types/application/mathematica,application/vnd.wolfram.mathematica | application/vnd.wolfram.cdf.text,content in example notebooks is plain text; A general description of the format is available at http://www.wolfram.com/nb,,application/mathematica,Code,
Mathworks MATLAB version 4 binary file,DATA,application/octet-stream; type=MATLAB-v4,application/MATLAB-v4,FALSE,application/octet-stream,mat,DataOne,,,,application/MATLAB-v4,DATA,
Mathworks MATLAB version 6 (R8 or later) binary file,DATA,application/octet-stream; type=MATLAB-v6,application/MATLAB-v6,FALSE,application/octet-stream,mat,DataOne,,,,application/MATLAB-v6,DATA,
Mathworks MATLAB version 7 (R14 or later) binary file,DATA,application/octet-stream; type=MATLAB-v7,application/MATLAB-v7,FALSE,application/octet-stream,mat,DataOne,,,,application/MATLAB-v7,DATA,
Mathworks MATLAB version 7.3 (R2006b or later) binary file - HDF5 compatible,DATA,application/octet-stream; type=MATLAB-v7.3,application/MATLAB-v7.3,FALSE,application/octet-stream,mat,DataOne,,,,application/MATLAB-v7.3,DATA,
MATLAB programming language script,code,text/plain;type=matlab,application/MATLAB,FALSE,text/x-matlab,m,DataOne,,,,application/MATLAB,code,
McIDAS area file,DATA,application/octet-stream;type=McIDAS-area,application/octet-stream;type=McIDAS-area,TRUE,application/octet-stream,,ECRR,McIDASArea,"McIDAS area file, http://www.ssec.wisc.edu/mcidas/doc/misc_doc/area2.html",application/octet-stream;type=McIDAS-area,,DATA,
McIDAS grid file,DATA,application/octet-stream;type=McIDAS-grid,application/octet-stream;type=McIDAS-grid,TRUE,application/octet-stream,,ECRR,McIDASGrid,"McIDAS grid file:, {http://www.ssec.wisc.edu/mcidas/doc/prog_man/2006/formats-20.html#22077",application/octet-stream;type=McIDAS-grid,,DATA,
MERIS Binned Level-3,DATA,,,TRUE,,,ECRR,,,,,DATA,
MERMAID Extraction File,DATA,,,TRUE,,,ECRR,,,,,DATA,
Microsoft Access,DATA,application/octet-stream;type=microsoft.mdb,,FALSE,application/octet-stream,,ECRR,,,,,DATA,
Microsoft Audio Video Interleave (AVI) File,DATA,video/avi,video/avi,TRUE,video/avi,avi,DataOne; https://www.loc.gov/preservation/digital/formats/fdd/fdd000059.shtml,video/msvideo | video/x-msvideo | application/x-troff-msvideo | video/vnd.avi;codec=…,"Not IANA registered, this is originally a Microsoft Windows format. Interoperability depends on codec, see https://www.iana.org/assignments/wave-avi-codec-registry/wave-avi-codec-registry.xhtml",,video/avi,DATA,
Microsoft Excel file format,DATA,application/vnd.ms-excel,application/vnd.ms-excel,TRUE,application/vnd.ms-excel,xls,DataOne; IANA,,,application/vnd.ms-excel,application/vnd.ms-excel,DATA,
Microsoft Excel OpenXML,DATA,application/vnd.openxmlformats-officedocument.spreadsheetml.sheet,application/vnd.openxmlformats-officedocument.spreadsheetml.sheet,TRUE,application/vnd.openxmlformats-officedocument.spreadsheetml.sheet,xlsx,DataOne; IANA,,,application/vnd.openxmlformats-officedocument.spreadsheetml.sheet,application/vnd.openxmlformats-officedocument.spreadsheetml.sheet,DATA,
Microsoft Office Excel 2007 binary workbooks,DATA,application/vnd.ms-excel.sheet.macroenabled.12,application/vnd.ms-excel.sheet.binary.macroEnabled.12,FALSE,application/vnd.ms-excel.sheet.binary.macroEnabled.12,xls,DataOne; IANA,,,application/vnd.ms-excel.sheet.macroenabled.12,application/vnd.ms-excel.sheet.binary.macroEnabled.12,DATA,
Microsoft Office OpenXML Presentation,Document,application/vnd.openxmlformats-officedocument.presentationml.presentation,application/vnd.openxmlformats-officedocument.presentationml.presentation,TRUE,application/vnd.openxmlformats-officedocument.presentationml.presentation,pptx,DataOne,,,,application/vnd.openxmlformats-officedocument.presentationml.presentation,Document,
Microsoft Office Powerpoint,Document,application/vnd.ms-powerpoint,application/vnd.ms-powerpoint,TRUE,application/vnd.ms-powerpoint,ppt,DataOne,,,,application/vnd.ms-powerpoint,Document,
Microsoft Word file format,Document,application/msword,application/msword,TRUE,application/msword,doc,DataOne; IANA,,,application/msword,application/msword,DATA,
Microsoft Word OpenXML,Document,application/vnd.openxmlformats-officedocument.wordprocessingml.document,application/vnd.openxmlformats-officedocument.wordprocessingml.document,TRUE,application/vnd.openxmlformats-officedocument.wordprocessingml.document,docx,DataOne; ECRR; IANA,application/xml;type=MSWord,,application/vnd.openxmlformats-officedocument.wordprocessingml.document,application/vnd.openxmlformats-officedocument.wordprocessingml.document,Document,
miniSEED seismic data format,DATA,application/octet-stream;type=vnd.fdsn.mseed,application/vnd.fdsn.mseed,FALSE,application/octet-stream,,ECRR,miniSEED,,application/vnd.fdsn.mseed,,DATA,
MODIS,DATA,,,TRUE,,,ECRR,,,,,DATA,
MPEG-1 or MPEG-2 Audio Layer III,DATA,audio/mpeg,audio/mpeg,TRUE,audio/mpeg,mp3,DataOne; IANA,,,,audio/mpeg,DATA,
MPEG-1 Video,DATA,video/mpeg,video/mpeg,TRUE,video/mpeg,mpg,DataOne; https://www.ietf.org/rfc/rfc2046.txt,,,,video/mpeg,DATA,
MPEG-4 Video,DATA,video/mp4,video/mp4,TRUE,video/mp4,mp4,DataOne; https://www.ietf.org/rfc/rfc4337.txt; https://www.loc.gov/preservation/digital/formats/fdd/fdd000155.shtml,video/mp4v-es | video/mpeg4-generic,,,video/mp4,DATA,
N3,DATA,text/n3,text/n3,TRUE,text/plain,rdf,DataOne; https://www.iana.org/assignments/media-types/text/n3,http://www.w3.org/TR/rdf-testcases/#ntriples ;  text/rdf+n3,,,text/n3,DATA,
NASA Ocean Color,DATA,,,TRUE,,,ECRR,,,,,DATA,
National Lightning Detection Network data,DATA,application/octet-stream;type=NLDN,application/octet-stream;type=NLDN,TRUE,application/octet-stream,,ECRR,NLDN,"National Lightning Detection Network, http://www.vaisala.com/weather/products/aboutnldn.html",application/octet-stream;type=NLDN,,DATA,
NetCDF classic file format,DATA,application/x-netcdf,application/x-netcdf,TRUE,application/x-netcdf,nc,ECRR,,"netCDF: NetCDF classic format, there isn't a netCDF v3.0 format… http://www.unidata.ucar.edu/software/netcdf/index.html",application/x-netcdf,,DATA,http://n2t.net/ark:/23942/g2705026
NetCDF Climate and Forecast Metadata Convention,DATA,application/x-netcdf;type=CF,application/x-netcdf;type=CF,TRUE,application/x-netcdf,nc,DataOne,,"no CF version, assume 1.0",,netCDF-CF,DATA,
"NetCDF Climate and Forecast Metadata Convention, version 1.0",DATA,application/x-netcdf;type=CF-1.0,application/x-netcdf;type=CF-1.0,TRUE,application/x-netcdf,nc,DataOne,,,,CF-1.0,DATA,
"NetCDF Climate and Forecast Metadata Convention, version 1.1",DATA,application/x-netcdf;type=CF-1.1,application/x-netcdf;type=CF-1.1,TRUE,application/x-netcdf,nc,DataOne,,,,CF-1.1,DATA,
"NetCDF Climate and Forecast Metadata Convention, version 1.2",DATA,application/x-netcdf;type=CF-1.2,application/x-netcdf;type=CF-1.2,TRUE,application/x-netcdf,nc,DataOne,,,,CF-1.2,DATA,
"NetCDF Climate and Forecast Metadata Convention, version 1.3",DATA,application/x-netcdf;type=CF-1.3,application/x-netcdf;type=CF-1.3,TRUE,application/x-netcdf,nc,DataOne,,,,CF-1.3,DATA,
"NetCDF Climate and Forecast Metadata Convention, version 1.4",DATA,application/x-netcdf;type=CF-1.4,application/x-netcdf;type=CF-1.4,TRUE,application/x-netcdf,nc,DataOne,,,,CF-1.4,DATA,
"NetCDF Climate and Forecast Metadata Convention, version 1.5",DATA,application/x-netcdf;type=CF-1.5,application/x-netcdf;type=CF-1.5,TRUE,application/x-netcdf,nc,DataOne,,,,CF-1.5,DATA,
"NetCDF Climate and Forecast Metadata Convention, version 1.6",DATA,application/x-netcdf;type=CF-1.6,application/x-netcdf;type=CF-1.6,TRUE,application/x-netcdf,nc,DataOne,,,,CF-1.6,DATA,
"NetCDF Climate and Forecast Metadata Convention, version 1.7",DATA,application/x-netcdf;type=CF-1.7,application/x-netcdf;type=CF-1.7,TRUE,application/x-netcdf,nc,DataOne,,,,CF-1.7,DATA,
netCDF-3 file format,DATA,application/x-netcdf,application/x-netcdf,TRUE,application/x-netcdf,nc,"ECRR, DataOne",,,application/x-netcdf,,DATA,
NetCDF-4 HDF5 format,DATA,application/x-netcdf4,application/x-netcdf4,TRUE,application/x-netcdf4,,"ECRR, DataOne",NetCDF v4.0,"netCDF-4: NetCDF-4 format on HDF-5, http://www.unidata.ucar.edu/software/netcdf/index.html",application/x-netcdf4,,DATA,http://n2t.net/ark:/23942/g2705027
"Network Common Data Format, version 3",DATA,application/x-netcdf,application/x-netcdf,TRUE,application/x-netcdf,nc,"ECRR, DataOne",,,,netCDF-3,DATA,
"Network Common Data Format, version 4",DATA,application/x-netcdf4,application/x-netcdf4,TRUE,application/x-netcdf4,nc,DataOne,NetCDF v4.0,,,netCDF-4,DATA,
NeXML 2009,DATA,http://www.nexml.org/2009,http://www.nexml.org/2009,TRUE,application/xml,xml,DataOne,,,,http://www.nexml.org/2009,DATA,
NEXRAD Level-II data,DATA,application/octet-stream;type=NEXRAD-II,application/octet-stream;type=NEXRAD-II,TRUE,application/octet-stream,,ECRR,NEXRAD-2,NEXRAD Level-II Base Data: http://www.ncdc.noaa.gov/oa/radar/radarresources.html,application/octet-stream;type=NEXRAD-II,,DATA,
NEXRAD Level-III data,DATA,application/octet-stream;type=NEXRAD-III,application/octet-stream;type=NEXRAD-III,TRUE,application/octet-stream,,ECRR,NEXRAD-3,"NEXRAD Level-III Products, http://www.ncdc.noaa.gov/oa/radar/radarresources.html",application/octet-stream;type=NEXRAD-III,,DATA,
NEXUS File Format for Systematic Information,DATA,text/plain;type=nexus1997,text/plain;type=nexus/1997,FALSE,text/plain,nxs,DataOne,nexus/1997,,,nexus/1997,DATA,
NOAA-AVHRR/3 Level-1b,DATA,,,TRUE,,,ECRR,,,,,DATA,
N-TRIPLE,DATA,text/n3,text/n3,TRUE,text/plain,nt,DataOne,http://www.w3.org/TR/rdf-testcases/#ntriples ;  text/rdf+n3,,,http://www.w3.org/TR/rdf-testcases/#ntriples,DATA,
Numpy,DATA,,,TRUE,,,ECRR,,NumPy Data Types,,,DATA,
ODIM HDF5,DATA,application/x-hdf5;type=odim,application/x-hdf5;type=odim,TRUE,,,https://www.eol.ucar.edu/content/standard-data-formats,,https://www.eol.ucar.edu/system/files/OPERA_2008_03_WP2.1b_ODIM_H5_v2.1.pdf weather radar data,,,,
OpenDAP v2 DataDDS response format,DATA,application/octet-stream;type=OpenDAPv2-DataDDS,application/octet-stream;type=OpenDAPv2-DataDDS,TRUE,application/octet-stream,,ECRR,DAP2,assume this means software gets data fromOpenDAP v2 dataDDS,application/octet-stream;type=OpenDAPv2-DataDDS,,DATA,
OpenDAP v4 Data response format,DATA,application/octet-stream;type=OpenDAPv4-data,application/octet-stream;type=OpenDAPv4-data,TRUE,application/octet-stream,,ECRR,DAP4,,application/octet-stream;type=OpenDAPv4-data,,DATA,
Plain Text,DATA,text/plain,text/plain,TRUE,text/plain,txt,DataOne; IANA,textfiles,iana registered,text/plain,text/plain,DATA,
plain text FORTRAN code,Code,text/plain; type=fortran,text/plain; type=fortran,TRUE,text/plain,,ECRR,text/x-fortran,not registered,text/plain; type=fortran,,Code,
plain text MGDS JGOFS format,DATA,text/plain;type=MGDS-JGOFS,text/plain;type=MGDS-JGOFS,TRUE,text/plain,,ECRR,,,text/plain;type=MGDS-JGOFS,,DATA,
plain text NF291 format,DATA,text/plain;type=NF291,text/plain;type=NF291,TRUE,text/plain,,ECRR,,,text/plain;type=NF291,,DATA,
plain text NMC Office Note 29 format,DATA,text/plain;type=NMCon29,text/plain;type=NMCon29,TRUE,text/plain,,ECRR,NMCon29,"NMC Office Note 29, http://www.emc.ncep.noaa.gov/mmb/data_processing/on29.htm",text/plain;type=NMCon29,,DATA,
plain text seismic handler Q file,DATA,text/plain;type=SeismicHandler-Qfile,text/plain;type=SeismicHandler-Qfile,TRUE,text/plain,,ECRR,,,text/plain;type=SeismicHandler-Qfile,,DATA,
Plain text table,DATA,text/plain; type=tabularData,text/plain;type=tabularData,FALSE,text/plain,,ECRR,,"delimiters, comment indicators, sentinel values, use of quotes not specified",text/plain; type=tabularData,,DATA,
"Portable Document Format (Adobe, pdf)",Document,application/pdf,application/pdf,TRUE,application/pdf,pdf,DataOne; IANA,,,application/pdf,application/pdf,Document,
Portable Network Graphics,DATA,image/png,image/png,TRUE,image/png,png,DataOne; IANA,,,image/png,image/png,DATA,
Postscript,Document,text/plain;type=postscript,application/postscript,FALSE,application/postscript,ps,DataOne,,,,application/postscript,Document,
pytables file format,DATA,application/x-hdf5;type=pytables,application/x-hdf5;type=pytables,TRUE,application/x-hdf5,,ECRR,,see http://www.pytables.org/usersguide/file_format.html,application/x-hdf5;type=pytables,,DATA,
Python programming language script,Code,application/x-python,application/x-python,TRUE,text/plain,py,DataOne,,,,application/x-python,Code,
QuakeML,DATA,http://quakeml.org/xmlns/quakeml,http://quakeml.org/xmlns/quakeml,TRUE,application/xml,,ECRR,QuakeML,,http://quakeml.org/xmlns/quakeml,,,
QuakeML 1.2,DATA,http://quakeml.org/xmlns/quakeml/1.2,http://quakeml.org/xmlns/quakeml/1.2,TRUE,application/xml,,ECRR,,,http://quakeml.org/xmlns/quakeml/1.2,,,
Quicktime Video,DATA,video/quicktime,video/quicktime,TRUE,video/quicktime,mov,DataOne; IANA,,,video/quicktime,video/quicktime,DATA,
R Markdown file,Code,text/markdown;type=rmd,text/x-rmarkdown,FALSE,text/markdown,Rmd,DataOne,text/x-rmarkdown,,,text/x-rmarkdown,Code,
R programming language script,Code,text/plain;type=x-rsrc,text/plain;type=x-rsrc,TRUE,text/plain,R,DataOne,application/R,,,application/R,Code,
RAW digital sensor image file,DATA,image/x-raw;type={file extension},image/x-raw,FALSE,application/octet-stream,raw,DataOne,,many different binary formats for encoding raw image sensor data; see https://en.wikipedia.org/wiki/Raw_image_format.  Recommend including the file name extension from the manufacturer to identify the type.,,image/x-raw,DATA,
RDB USGS,DATA,text/tab-separated-values;type=USGS-rdb,text/csv;type=USGS-rdb,FALSE,text/csv,,ECRR,,,text/tab-separated-values;type=USGS-rdb,,DATA,
RDF/XML,DATA,application/rdf+xml,http://www.w3.org/TR/rdf-syntax-grammar,FALSE,application/rdf+xml,rdf,DataOne; https://www.iana.org/assignments/media-types/application/rdf+xml,,,,http://www.w3.org/TR/rdf-syntax-grammar,DATA,
RDFa,DATA,application/xhtml+xml,http://www.w3.org/TR/rdfa-syntax,FALSE,application/xhtml+xml,xhtml,DataOne; https://www.w3.org/TR/xhtml-rdfa/;  https://datatracker.ietf.org/doc/html/rfc3236,,,,http://www.w3.org/TR/rdfa-syntax,DATA,
Resource Description Framework,DATA,application/rdf+xml,application/rdf+xml,TRUE,application/rdf+xml,rdf,DataOne; https://www.iana.org/assignments/media-types/application/rdf+xml,,,,application/rdf+xml,DATA,
Rich Text Format,Document,application/rtf,application/rtf,TRUE,application/rtf,rtf,DataOne; https://www.iana.org/assignments/media-types/application/rtf,,,,application/rtf,Document,
Roshal Archive File,Wrapper,application/x-rar-compressed,application/x-rar-compressed,TRUE,application/x-rar-compressed,rar,DataOne; http://fileformats.archiveteam.org/wiki/RAR,application/vnd.rar,,,application/x-rar-compressed,Wrapper,
SAS programming language script,Code,text/plain;type=x-sas,text/plain;type=x-sas,TRUE,text/plain,sas,DataOne,application/SAS,,,application/SAS,code,
Scalable Vector Graphics,DATA,image/svg+xml,image/svg+xml,TRUE,application/xml,svg,DataOne; https://www.iana.org/assignments/media-types/image/svg+xml,,,,image/svg+xml,DATA,
SeaBASS file format,DATA,text/plain;type=SeaBASS,text/plain;type=SeaBASS,TRUE,text/plain,,ECRR,SeaBASS File Format,,text/plain;type=SeaBASS,,DATA,
SeaDAStrack data,DATA,text/tab-separated-values;type=SeaDAStrack,text/tab-separated-values;type=SeaDAStrack,TRUE,text/tab-separated-values,,ECRR,SeaDAS 6.x Track,,text/tab-separated-values;type=SeaDAStrack,,DATA,
SeaDataNet 3D with CF,DATA,application/x-netcdf;type=SeaDataNet-CF3D,application/x-netcdf;type=SeaDataNet-CF3D,TRUE,application/x-netcdf,nc,"ECRR, DataOne",,,application/x-netcdf;type=SeaDataNet-CF3D,,DATA,
SeaDataNet MedAtlas format,DATA,text/plain;type=SeaDataNet-MedAtlas,text/plain;type=SeaDataNet-MedAtlas,TRUE,text/plain,,ECRR,,,text/plain;type=SeaDataNet-MedAtlas,,DATA,
SeaDataNet ODV format,DATA,text/tab-separated-values;type=SeaDataNet-ODV,text/tab-separated-values;type=SeaDataNet-ODV,TRUE,text/tab-separated-values,,ECRR,,,text/tab-separated-values;type=SeaDataNet-ODV,,DATA,
SeaDataNet with CF,DATA,application/x-netcdf;type=SeaDataNet-CF,application/x-netcdf;type=SeaDataNet-CF,TRUE,application/x-netcdf,nc,ECRR,,,application/x-netcdf;type=SeaDataNet-CF,,DATA,
SEED seismic data,DATA,application/octet-stream;type=FDSN-SEED,application/octet-stream;type=FDSN-SEED,TRUE,application/octet-stream,,ECRR,,,application/octet-stream;type=FDSN-SEED,,DATA,
Seg-D seismic data,DATA,application/octet-stream;type=seismic-segd,application/octet-stream;type=seismic-segd,TRUE,application/octet-stream,,ECRR,application/seismic-segd,not registered,application/octet-stream;type=seismic-segd,,DATA,
Seg-Y seismic data,DATA,application/octet-stream;type=seismic-segy,application/octet-stream;type=seismic-segy,TRUE,application/octet-stream,,ECRR,application/segy ; ,,,,,
SEISAN text data,DATA,text/plain;type=SEISAN-ASCII,text/plain;type=SEISAN-ASCII,TRUE,text/plain,,ECRR,SEISAN,,text/plain;type=SEISAN-ASCII,,DATA,
Seismic analysis code data format,DATA,application/octet-stream;type=SeismicAnalysisCode,application/octet-stream;type=SeismicAnalysisCode,TRUE,application/octet-stream,,ECRR,SAC,,application/octet-stream;type=SeismicAnalysisCode,,DATA,
SIGMET-IRIS weather radar,DATA,,,TRUE,,,ECRR,SIGMET,http://www.vaisala.com/en/defense/products/weatherradar/Pages/IRIS.aspx,,,DATA,
Sparql result tsv,DATA,text/tab-separated-values;type=sparql-results,text/tab-separated-values;type=sparql-results,TRUE,text/tab-separated-values,,ECRR,,,text/tab-separated-values;type=sparql-results,,DATA,
Station XML,DATA,http://www.fdsn.org/xml/station/1,http://www.fdsn.org/xml/station/1,TRUE,application/xml,,ECRR,StationXML,,http://www.fdsn.org/xml/station/1,,,
Tab delimited text NDBC format,DATA,text/tab-separated-values;type=NDBC,text/tab-separated-values;type=NDBC,TRUE,text/tab-separated-values,,ECRR,,,text/tab-separated-values;type=NDBC,,DATA,
Tab Separated Values Text,DATA,text/tab-separated-values,text/tab-separated-values,TRUE,text/tab-separated-values,tsv,ECRR; DataOne,text/tsv,,text/tab-separated-values,,DATA,
Tagged Image File Format,DATA,image/tiff,image/tiff,TRUE,image/tiff,tiff,DataOne; IANA,,,image/tiff,image/tiff,DATA,
Tape Archive File,Wrapper,application/x-tar,application/x-tar,TRUE,application/x-tar,tar,DataOne; ECRR,,"not registered, this is from wikipedia, not iana; tar.gz shuld be application/gzip. suggest 'application/octet-stream;type=tar'",application/x-tar,application/x-tar,Wrapper,
TURTLE,DATA,text/turtle,text/turtle,TRUE,text/turtle,ttl,DataOne; https://www.iana.org/assignments/media-types/text/turtle,,,,text/turtle,DATA,
Universal Radar Format,DATA,application/octet-stream;type=radar-UF,application/octet-stream;type=radar-UF,TRUE,application/octet-stream,,ECRR,UniversalRadarFormat,Universal Radar Format: ftp://ftp.sigmet.com/outgoing/manuals/program/cuf.pdf,application/octet-stream;type=radar-UF,,DATA,
USGS rdb text format,DATA,text/csv;type=USGS-rdb,text/csv;type=USGS-rdb,TRUE,text/csv,csv,ECRR,rdb,,text/csv;type=USGS-rdb,,DATA,
WADL,DATA,http://wadl.dev.java.net/2009/02,http://wadl.dev.java.net/2009/02,TRUE,application/xml,,ECRR,,,http://wadl.dev.java.net/2009/02,,,
"Water Markup Language, version 1.0",DATA,http://www.cuahsi.org/waterML/1.0/,http://www.cuahsi.org/waterML/1.0/,TRUE,application/xml,xml,DataOne,WaterML 1.0,,,http://www.cuahsi.org/waterML/1.0/,DATA,
"Water Markup Language, version 1.1",DATA,http://www.cuahsi.org/waterML/1.1/,http://www.cuahsi.org/waterML/1.1/,TRUE,application/xml,xml,DataOne; ECRR,WaterML 1.1,,http://www.cuahsi.org/waterML/1.1/,http://www.cuahsi.org/waterML/1.1/,DATA,
"Water Markup Language, version 2.0",DATA,http://www.opengis.net/waterml/2.0,http://www.opengis.net/waterml/2.0,TRUE,application/xml,,ECRR,WaterML 2.0,,http://www.opengis.net/waterml/2.0,,,
WaterML JSON,DATA,application/json;type=WaterML,application/json;type=WaterML,TRUE,application/json,,ECRR,,,application/json;type=WaterML,,,
Wave Audio Format,DATA,audio/x-wav,audio/x-wav,TRUE,audio/x-wav,wav,DataOne,,defined at https://developer.mozilla.org/en-US/docs/Web/HTTP/Basics_of_HTTP/MIME_types,,audio/x-wav,DATA,
Windows Media Audio File,DATA,audio/x-ms-wma,audio/x-ms-wma,TRUE,audio/x-ms-wma,wma,DataOne,,https://docs.microsoft.com/en-us/windows/win32/wmp/file-name-extensions,,audio/x-ms-wma,DATA,
Windows Media Video File,DATA,video/x-ms-wmv,video/x-ms-wmv,TRUE,video/x-ms-wmv,wmv,DataOne; https://www.loc.gov/preservation/digital/formats/fdd/fdd000091.shtml,,,,video/x-ms-wmv,DATA,
WMO Binary format (BUFR),DATA,application/octet-stream;type=WMO-BUFR,application/octet-stream;type=WMO-BUFR,TRUE,application/octet-stream,,ECRR,,"BUFR: WMO Binary Universal Form, http://www.wmo.int/pages/prog/www/WMOCodes/OperationalCodes.html",application/octet-stream;type=WMO-BUFR,,DATA,
WMO GRIB v. 1 data format,DATA,application/octet-stream;type=WMO-GRIBv1,application/octet-stream;type=WMO-GRIBv1,TRUE,application/octet-stream,,ECRR,GRIB; GRIB-1: WMO GRIB Edition 1,default to v1. http://www.wmo.ch/pages/prog/www/WMOCodes/Guides/GRIB/GRIB1-Contents.html,application/octet-stream;type=WMO-GRIBv1,,DATA,
WMO GRIB v. 2 data format,DATA,application/octet-stream;type=WMO-GRIBv2,application/octet-stream;type=WMO-GRIBv2,TRUE,application/octet-stream,,ECRR,GRIB-2: WMO GRIB Edition 2,http://www.wmo.ch/pages/prog/www/WMOCodes/Guides/GRIB/GRIB2_062006.pdf,application/octet-stream;type=WMO-GRIBv2,,DATA,
WQX-Outbound 3.0 format,DATA,http://www.exchangenetwork.net/schema/wqx/3,http://www.exchangenetwork.net/schema/wqx/3,TRUE,application/xml,,ECRR,WQX,,http://www.exchangenetwork.net/schema/wqx/3,,,
Xarray data,DATA,,,TRUE,,,ECRR,Xarray,,,,DATA,
XML GeosciML v4.1,DATA,http://www.opengis.net/doc/geosciml/4.1,http://www.opengis.net/doc/geosciml/4.1,TRUE,application/xml,,ECRR,,,http://www.opengis.net/doc/geosciml/4.1,,,
XML sparql result format,DATA,application/xml;type=sparql-results,application/sparql-results+xml,FALSE,application/xml,,ECRR,,,application/sparql-results+xml,,DATA,
XML THREDDS Client Catalog format,DATA,application/xml;type=thredds-catalog1.0.7,application/xml;type=thredds-catalog1.0.7,TRUE,application/xml,,ECRR,,,application/xml;type=thredds-catalog1.0.7,,DATA,
XML WFS 1.0 response format,DATA,http://schemas.opengis.net/wfs/1.0.0/wfs.xsd,http://schemas.opengis.net/wfs/1.0.0/wfs.xsd,TRUE,application/xml,,ECRR,xml:wfs:1.0.0 ; application/xml;type=ogcwfs1.0.0,,http://schemas.opengis.net/wfs/1.0.0/wfs.xsd,,,
XML WFS 1.1 response format,DATA,http://schemas.opengis.net/wfs/1.1.0/wfs.xsd,http://schemas.opengis.net/wfs/1.1.0/wfs.xsd,TRUE,application/xml,,ECRR,xml:wfs1.1.0; application/xml;type=ogcwfs1.1.0,,http://schemas.opengis.net/wfs/1.1.0/wfs.xsd,,,
ZARR data,DATA,application/octet-stream;type=ZARR,application/octet-stream;type=ZARR,TRUE,application/octet-stream,,ECRR,ZARR,,application/octet-stream;type=ZARR,,DATA,
ZIP archive format,Wrapper,application/zip,application/zip,TRUE,application/zip,zip,DataOne; IANA,,"content of archive is not specified, could be anything.",,application/zip,Wrapper,
